Time,A1,A2,A3,A4,A5,A6,A7,A8,A9,A10,A11,A12,B1,B2,B3,B4,B5,B6,B7,B8,B9,B10,B11,B12,C1,C2,C3,C4,C5,C6,C7,C8,C9,C10,C11,C12,D1,D2,D3,D4,D5,D6,D7,D8,D9,D10,D11,D12,E1,E2,E3,E4,E5,E6,E7,E8,E9,E10,E11,E12,F1,F2,F3,F4,F5,F6,F7,F8,F9,F10,F11,F12,G1,G2,G3,G4,G5,G6,G7,G8,G9,G10,G11,G12,H1,H2,H3,H4,H5,H6,H7,H8,H9,H10,H11,H12
0,0.244,0.273,0.275,0.244,0.257,0.246,0.25,0.226,0.215,0.191,0.142,0.127,0.305,0.339,0.298,0.309,0.296,0.306,0.294,0.262,0.257,0.259,0.204,0.191,0.314,0.352,0.33,0.317,0.314,0.313,0.324,0.301,0.272,0.281,0.277,0.194,0.317,0.335,0.297,0.343,0.308,0.313,0.327,0.31,0.29,0.286,0.251,0.22,0.245,0.266,0.255,0.25,0.258,0.253,0.236,0.232,0.219,0.174,0.175,0.106,0.332,0.327,0.306,0.288,0.3,0.306,0.32,0.273,0.267,0.252,0.244,0.194,0.347,0.325,0.326,0.305,0.319,0.321,0.328,0.302,0.274,0.258,0.265,0.2,0.321,0.352,0.302,0.315,0.322,0.31,0.338,0.283,0.282,0.272,0.241,0.18
60,0.41,0.457,0.458,0.46,0.491,0.481,0.49,0.49,0.476,0.44,0.422,0.419,0.494,0.535,0.493,0.519,0.521,0.54,0.544,0.499,0.5,0.509,0.473,0.5,0.492,0.552,0.526,0.517,0.538,0.53,0.569,0.541,0.5,0.562,0.619,0.475,0.51,0.544,0.502,0.575,0.528,0.548,0.572,0.56,0.529,0.554,0.519,0.521,0.426,0.451,0.457,0.462,0.47,0.49,0.464,0.483,0.477,0.446,0.462,0.475,0.505,0.534,0.518,0.495,0.522,0.533,0.578,0.508,0.508,0.528,0.579,0.522,0.522,0.535,0.519,0.522,0.532,0.543,0.563,0.552,0.493,0.524,0.555,0.536,0.507,0.559,0.504,0.528,0.536,0.536,0.588,0.522,0.524,0.552,0.535,0.485
120,0.502,0.562,0.564,0.582,0.613,0.613,0.623,0.629,0.615,0.57,0.561,0.559,0.595,0.638,0.598,0.631,0.64,0.667,0.671,0.628,0.628,0.637,0.606,0.642,0.584,0.653,0.627,0.62,0.654,0.643,0.693,0.666,0.617,0.701,0.773,0.605,0.61,0.648,0.611,0.691,0.642,0.667,0.694,0.686,0.647,0.684,0.646,0.657,0.525,0.558,0.57,0.58,0.586,0.622,0.592,0.62,0.615,0.584,0.608,0.64,0.596,0.644,0.638,0.611,0.642,0.656,0.713,0.633,0.635,0.664,0.737,0.674,0.611,0.641,0.623,0.642,0.648,0.662,0.68,0.677,0.607,0.655,0.694,0.686,0.604,0.661,0.614,0.643,0.65,0.653,0.711,0.646,0.647,0.683,0.637,0.626
180,0.563,0.629,0.631,0.642,0.674,0.702,0.709,0.719,0.708,0.66,0.646,0.646,0.658,0.702,0.66,0.695,0.712,0.746,0.744,0.71,0.707,0.714,0.686,0.726,0.635,0.713,0.687,0.676,0.719,0.71,0.766,0.739,0.684,0.782,0.858,0.68,0.67,0.71,0.676,0.759,0.711,0.736,0.764,0.758,0.713,0.757,0.719,0.734,0.576,0.615,0.624,0.639,0.639,0.696,0.671,0.703,0.699,0.67,0.7,0.744,0.648,0.708,0.716,0.682,0.715,0.729,0.792,0.707,0.711,0.745,0.829,0.764,0.659,0.704,0.684,0.715,0.716,0.731,0.747,0.748,0.672,0.732,0.727,0.774,0.659,0.719,0.68,0.711,0.717,0.721,0.781,0.719,0.72,0.757,0.73,0.709
240,0.602,0.672,0.672,0.642,0.676,0.76,0.763,0.776,0.769,0.72,0.682,0.69,0.697,0.74,0.7,0.724,0.75,0.796,0.789,0.761,0.755,0.762,0.733,0.774,0.665,0.749,0.723,0.707,0.756,0.749,0.809,0.783,0.724,0.832,0.906,0.725,0.709,0.748,0.716,0.797,0.752,0.778,0.804,0.8,0.75,0.8,0.759,0.776,0.568,0.613,0.62,0.644,0.635,0.707,0.701,0.733,0.734,0.706,0.749,0.799,0.672,0.748,0.763,0.724,0.756,0.77,0.836,0.748,0.755,0.791,0.885,0.816,0.683,0.741,0.717,0.762,0.754,0.77,0.784,0.789,0.709,0.776,0.78,0.824,0.692,0.753,0.722,0.752,0.757,0.762,0.82,0.762,0.764,0.799,0.78,0.759
300,0.62,0.691,0.694,0.588,0.616,0.798,0.792,0.812,0.81,0.759,0.648,0.67,0.719,0.764,0.726,0.718,0.763,0.828,0.815,0.794,0.784,0.791,0.756,0.797,0.682,0.77,0.746,0.725,0.775,0.771,0.833,0.808,0.747,0.86,0.931,0.75,0.734,0.773,0.74,0.821,0.776,0.802,0.828,0.824,0.771,0.824,0.782,0.8,0.506,0.563,0.575,0.6,0.58,0.646,0.666,0.692,0.7,0.679,0.741,0.797,0.677,0.767,0.788,0.742,0.775,0.788,0.859,0.767,0.776,0.814,0.916,0.843,0.695,0.762,0.738,0.79,0.777,0.791,0.804,0.812,0.727,0.801,0.807,0.853,0.713,0.774,0.746,0.778,0.78,0.786,0.843,0.788,0.79,0.823,0.809,0.788
360,0.615,0.688,0.698,0.484,0.496,0.819,0.799,0.827,0.832,0.784,0.546,0.57,0.732,0.777,0.742,0.684,0.756,0.847,0.829,0.814,0.802,0.808,0.762,0.804,0.693,0.784,0.759,0.73,0.785,0.784,0.847,0.822,0.759,0.856,0.945,0.761,0.748,0.786,0.756,0.836,0.789,0.816,0.842,0.838,0.781,0.836,0.794,0.813,0.426,0.484,0.493,0.512,0.476,0.527,0.562,0.577,0.593,0.585,0.66,0.709,0.656,0.762,0.79,0.739,0.772,0.784,0.864,0.766,0.78,0.818,0.929,0.852,0.699,0.774,0.746,0.805,0.788,0.801,0.813,0.822,0.737,0.814,0.819,0.867,0.724,0.786,0.76,0.792,0.794,0.798,0.856,0.802,0.804,0.836,0.826,0.804
420,0.586,0.659,0.682,0.344,0.337,0.826,0.778,0.822,0.836,0.799,0.402,0.415,0.74,0.784,0.75,0.636,0.725,0.857,0.835,0.825,0.811,0.817,0.746,0.79,0.697,0.793,0.766,0.725,0.786,0.792,0.856,0.831,0.767,0.877,0.951,0.767,0.758,0.794,0.765,0.843,0.798,0.824,0.85,0.846,0.788,0.844,0.8,0.82,0.339,0.377,0.381,0.387,0.334,0.376,0.418,0.423,0.444,0.447,0.52,0.552,0.6,0.728,0.77,0.717,0.746,0.754,0.849,0.737,0.761,0.804,0.927,0.838,0.696,0.778,0.746,0.814,0.79,0.804,0.815,0.826,0.738,0.819,0.825,0.874,0.73,0.793,0.771,0.801,0.801,0.805,0.862,0.81,0.813,0.842,0.836,0.813
480,0.54,0.605,0.65,0.188,0.169,0.812,0.722,0.791,0.817,0.799,0.24,0.245,0.741,0.787,0.756,0.571,0.662,0.863,0.839,0.83,0.814,0.821,0.698,0.746,0.701,0.797,0.771,0.711,0.781,0.796,0.86,0.836,0.77,0.884,0.95,0.768,0.764,0.8,0.77,0.846,0.802,0.829,0.854,0.85,0.791,0.849,0.802,0.822,0.266,0.248,0.256,0.243,0.188,0.212,0.264,0.257,0.284,0.29,0.351,0.364,0.497,0.666,0.727,0.673,0.692,0.687,0.802,0.667,0.706,0.757,0.904,0.793,0.688,0.776,0.739,0.816,0.786,0.802,0.814,0.824,0.736,0.82,0.826,0.874,0.734,0.797,0.774,0.805,0.806,0.809,0.865,0.814,0.818,0.845,0.84,0.818
540,0.488,0.542,0.606,0.063,0.061,0.774,0.627,0.723,0.763,0.791,0.079,0.085,0.738,0.783,0.758,0.487,0.564,0.864,0.835,0.833,0.816,0.822,0.608,0.65,0.702,0.799,0.775,0.684,0.768,0.799,0.862,0.837,0.771,0.887,0.946,0.763,0.769,0.803,0.774,0.847,0.804,0.832,0.857,0.854,0.794,0.851,0.802,0.826,0.137,0.135,0.147,0.108,0.077,0.064,0.109,0.097,0.126,0.133,0.185,0.175,0.365,0.589,0.663,0.608,0.605,0.571,0.705,0.548,0.602,0.665,0.846,0.693,0.671,0.767,0.717,0.812,0.777,0.793,0.806,0.815,0.729,0.817,0.822,0.868,0.734,0.798,0.777,0.808,0.808,0.81,0.866,0.815,0.82,0.846,0.843,0.82
600,0.434,0.475,0.557,0.056,0.042,0.704,0.5,0.617,0.668,0.762,0.046,0.067,0.727,0.774,0.758,0.379,0.431,0.864,0.83,0.832,0.813,0.823,0.475,0.501,0.703,0.801,0.776,0.647,0.748,0.799,0.862,0.838,0.772,0.889,0.934,0.754,0.771,0.805,0.777,0.844,0.804,0.834,0.859,0.855,0.794,0.853,0.802,0.824,0.051,0.068,0.046,0.063,0.062,0.054,0.04,0.047,0.052,0.044,0.137,0.05,0.237,0.509,0.577,0.516,0.483,0.421,0.557,0.396,0.455,0.525,0.735,0.537,0.637,0.746,0.687,0.8,0.76,0.775,0.793,0.796,0.712,0.808,0.814,0.856,0.735,0.796,0.775,0.809,0.808,0.81,0.866,0.814,0.82,0.845,0.843,0.82
660,0.38,0.405,0.501,0.04,0.041,0.602,0.358,0.479,0.537,0.707,0.058,0.044,0.709,0.755,0.754,0.262,0.282,0.86,0.814,0.828,0.808,0.821,0.322,0.327,0.703,0.802,0.777,0.6,0.717,0.8,0.862,0.839,0.771,0.891,0.913,0.734,0.774,0.806,0.778,0.838,0.803,0.835,0.86,0.856,0.795,0.855,0.8,0.823,0.128,0.053,0.045,0.046,0.039,0.04,0.04,0.041,0.043,0.041,0.043,0.06,0.149,0.431,0.474,0.405,0.341,0.266,0.382,0.244,0.296,0.361,0.569,0.354,0.581,0.711,0.647,0.781,0.734,0.742,0.768,0.762,0.682,0.79,0.798,0.831,0.732,0.791,0.772,0.809,0.806,0.808,0.864,0.812,0.819,0.843,0.843,0.82
720,0.327,0.33,0.437,0.04,0.04,0.474,0.221,0.331,0.389,0.618,0.039,0.042,0.681,0.726,0.746,0.156,0.143,0.853,0.789,0.82,0.796,0.819,0.177,0.169,0.702,0.802,0.778,0.546,0.669,0.799,0.861,0.839,0.77,0.891,0.871,0.696,0.775,0.808,0.78,0.827,0.801,0.836,0.859,0.857,0.795,0.855,0.796,0.821,0.049,0.042,0.039,0.043,0.038,0.039,0.04,0.04,0.042,0.04,0.071,0.042,0.096,0.358,0.355,0.29,0.204,0.13,0.221,0.109,0.154,0.204,0.382,0.19,0.499,0.662,0.602,0.752,0.692,0.687,0.726,0.701,0.627,0.757,0.766,0.787,0.728,0.782,0.763,0.806,0.803,0.804,0.86,0.809,0.817,0.84,0.841,0.818
780,0.267,0.258,0.362,0.041,0.04,0.336,0.121,0.193,0.243,0.5,0.04,0.04,0.642,0.686,0.733,0.092,0.085,0.842,0.745,0.806,0.777,0.815,0.078,0.058,0.7,0.799,0.778,0.481,0.6,0.798,0.859,0.837,0.769,0.891,0.798,0.631,0.774,0.808,0.781,0.813,0.796,0.837,0.86,0.856,0.795,0.856,0.791,0.816,0.048,0.041,0.039,0.039,0.039,0.039,0.04,0.04,0.042,0.04,0.042,0.042,0.084,0.272,0.23,0.203,0.119,0.054,0.098,0.045,0.072,0.076,0.211,0.137,0.395,0.602,0.549,0.712,0.632,0.602,0.654,0.606,0.54,0.701,0.71,0.713,0.72,0.766,0.752,0.802,0.799,0.799,0.856,0.804,0.814,0.836,0.839,0.814
840,0.202,0.183,0.284,0.04,0.04,0.207,0.047,0.075,0.104,0.366,0.039,0.04,0.597,0.634,0.714,0.065,0.054,0.822,0.676,0.782,0.745,0.807,0.053,0.064,0.697,0.797,0.778,0.405,0.507,0.797,0.856,0.835,0.766,0.89,0.683,0.531,0.775,0.807,0.782,0.795,0.79,0.836,0.86,0.857,0.794,0.855,0.782,0.809,0.045,0.047,0.038,0.039,0.039,0.039,0.045,0.04,0.041,0.04,0.041,0.044,0.077,0.176,0.112,0.092,0.065,0.072,0.067,0.043,0.044,0.05,0.096,0.051,0.285,0.532,0.487,0.66,0.549,0.487,0.55,0.477,0.424,0.617,0.619,0.599,0.706,0.742,0.737,0.796,0.792,0.791,0.85,0.795,0.808,0.828,0.834,0.808
900,0.13,0.116,0.198,0.039,0.039,0.108,0.046,0.045,0.042,0.24,0.039,0.04,0.547,0.569,0.684,0.074,0.053,0.792,0.579,0.742,0.692,0.796,0.041,0.039,0.693,0.792,0.777,0.322,0.392,0.794,0.852,0.833,0.764,0.889,0.522,0.402,0.776,0.808,0.782,0.774,0.781,0.837,0.858,0.856,0.794,0.856,0.769,0.797,0.045,0.041,0.039,0.041,0.038,0.038,0.044,0.04,0.041,0.04,0.041,0.044,0.078,0.101,0.066,0.053,0.044,0.041,0.055,0.041,0.045,0.072,0.069,0.045,0.198,0.46,0.412,0.595,0.442,0.353,0.419,0.332,0.293,0.5,0.492,0.456,0.686,0.711,0.719,0.788,0.782,0.779,0.841,0.783,0.8,0.816,0.829,0.8
960,0.071,0.048,0.127,0.039,0.039,0.044,0.044,0.048,0.062,0.126,0.038,0.04,0.495,0.5,0.648,0.04,0.043,0.746,0.456,0.679,0.617,0.778,0.041,0.038,0.688,0.782,0.775,0.239,0.267,0.791,0.847,0.83,0.76,0.889,0.347,0.263,0.775,0.808,0.782,0.75,0.768,0.837,0.859,0.855,0.785,0.857,0.75,0.781,0.047,0.041,0.041,0.042,0.038,0.038,0.044,0.04,0.041,0.039,0.041,0.045,0.045,0.074,0.051,0.061,0.043,0.042,0.086,0.042,0.04,0.05,0.044,0.04,0.164,0.393,0.322,0.514,0.326,0.225,0.279,0.199,0.176,0.365,0.346,0.309,0.656,0.671,0.696,0.776,0.767,0.76,0.828,0.763,0.784,0.8,0.82,0.788
1020,0.048,0.06,0.081,0.039,0.039,0.04,0.044,0.045,0.039,0.051,0.039,0.039,0.446,0.426,0.606,0.038,0.041,0.682,0.32,0.592,0.518,0.75,0.041,0.038,0.68,0.773,0.772,0.171,0.153,0.787,0.838,0.825,0.755,0.887,0.193,0.143,0.775,0.806,0.782,0.721,0.751,0.836,0.857,0.855,0.785,0.857,0.72,0.756,0.046,0.041,0.043,0.041,0.038,0.038,0.052,0.04,0.041,0.039,0.041,0.045,0.042,0.125,0.042,0.044,0.041,0.041,0.043,0.042,0.04,0.042,0.043,0.04,0.068,0.336,0.236,0.42,0.206,0.126,0.154,0.091,0.096,0.234,0.218,0.186,0.614,0.624,0.672,0.762,0.746,0.732,0.807,0.731,0.761,0.773,0.807,0.769
1080,0.042,0.092,0.07,0.039,0.039,0.053,0.043,0.043,0.04,0.052,0.039,0.039,0.391,0.348,0.561,0.041,0.04,0.596,0.192,0.479,0.399,0.708,0.04,0.038,0.67,0.757,0.767,0.129,0.09,0.782,0.826,0.819,0.747,0.885,0.08,0.059,0.774,0.806,0.783,0.688,0.727,0.836,0.856,0.854,0.784,0.857,0.675,0.717,0.042,0.041,0.04,0.041,0.038,0.038,0.047,0.04,0.041,0.039,0.04,0.045,0.043,0.043,0.041,0.047,0.043,0.041,0.041,0.041,0.04,0.04,0.04,0.04,0.045,0.28,0.159,0.321,0.112,0.101,0.074,0.046,0.042,0.116,0.104,0.122,0.562,0.576,0.642,0.744,0.716,0.69,0.776,0.684,0.725,0.734,0.786,0.739
1140,0.041,0.042,0.055,0.039,0.039,0.04,0.043,0.044,0.042,0.044,0.039,0.039,0.331,0.301,0.509,0.038,0.04,0.486,0.09,0.354,0.28,0.646,0.04,0.038,0.656,0.738,0.762,0.072,0.046,0.777,0.807,0.81,0.734,0.884,0.044,0.042,0.773,0.805,0.782,0.651,0.693,0.835,0.854,0.854,0.782,0.856,0.608,0.661,0.04,0.041,0.038,0.042,0.038,0.042,0.038,0.04,0.041,0.039,0.04,0.044,0.046,0.04,0.041,0.042,0.043,0.041,0.042,0.041,0.043,0.04,0.039,0.04,0.046,0.211,0.095,0.206,0.05,0.044,0.044,0.052,0.043,0.063,0.041,0.096,0.501,0.527,0.606,0.718,0.674,0.63,0.73,0.618,0.671,0.678,0.756,0.694
1200,0.045,0.04,0.051,0.039,0.039,0.038,0.043,0.042,0.04,0.046,0.04,0.039,0.229,0.22,0.458,0.038,0.04,0.365,0.048,0.24,0.184,0.562,0.04,0.038,0.637,0.714,0.756,0.054,0.04,0.768,0.778,0.799,0.716,0.881,0.041,0.043,0.773,0.803,0.782,0.605,0.65,0.834,0.852,0.852,0.78,0.856,0.517,0.583,0.039,0.04,0.038,0.041,0.038,0.041,0.038,0.039,0.041,0.039,0.04,0.044,0.046,0.04,0.041,0.042,0.042,0.041,0.041,0.041,0.041,0.04,0.039,0.04,0.056,0.133,0.051,0.114,0.052,0.039,0.04,0.042,0.04,0.042,0.039,0.04,0.438,0.482,0.568,0.684,0.617,0.549,0.663,0.526,0.596,0.601,0.711,0.626
1260,0.039,0.04,0.039,0.039,0.039,0.04,0.043,0.042,0.039,0.04,0.04,0.039,0.158,0.177,0.406,0.038,0.041,0.246,0.046,0.138,0.089,0.456,0.04,0.038,0.613,0.682,0.745,0.081,0.04,0.756,0.735,0.78,0.691,0.879,0.04,0.042,0.771,0.802,0.782,0.551,0.591,0.834,0.85,0.85,0.779,0.854,0.405,0.48,0.051,0.04,0.038,0.04,0.038,0.038,0.038,0.039,0.041,0.039,0.04,0.043,0.044,0.044,0.041,0.042,0.042,0.041,0.043,0.041,0.04,0.04,0.039,0.039,0.041,0.071,0.065,0.077,0.045,0.05,0.039,0.042,0.04,0.044,0.04,0.04,0.376,0.442,0.517,0.64,0.544,0.446,0.572,0.416,0.5,0.501,0.645,0.535
1320,0.038,0.039,0.041,0.039,0.039,0.04,0.043,0.042,0.039,0.039,0.04,0.039,0.13,0.113,0.362,0.038,0.04,0.152,0.041,0.101,0.042,0.337,0.04,0.038,0.584,0.648,0.732,0.057,0.04,0.74,0.675,0.752,0.653,0.875,0.04,0.041,0.77,0.798,0.783,0.488,0.515,0.832,0.847,0.849,0.776,0.851,0.283,0.361,0.047,0.04,0.038,0.04,0.038,0.038,0.038,0.039,0.041,0.039,0.04,0.044,0.045,0.048,0.041,0.042,0.041,0.041,0.042,0.041,0.04,0.04,0.039,0.039,0.038,0.054,0.071,0.06,0.04,0.05,0.039,0.041,0.04,0.041,0.039,0.04,0.317,0.397,0.454,0.584,0.455,0.332,0.459,0.3,0.388,0.384,0.559,0.424
1380,0.039,0.039,0.038,0.039,0.039,0.04,0.043,0.042,0.038,0.042,0.04,0.039,0.101,0.091,0.317,0.038,0.04,0.086,0.041,0.06,0.04,0.222,0.04,0.038,0.545,0.609,0.717,0.047,0.04,0.719,0.593,0.714,0.601,0.87,0.04,0.041,0.768,0.794,0.781,0.423,0.424,0.83,0.844,0.847,0.774,0.85,0.196,0.244,0.039,0.041,0.039,0.038,0.037,0.038,0.038,0.04,0.041,0.039,0.04,0.046,0.045,0.048,0.041,0.042,0.04,0.041,0.041,0.041,0.04,0.041,0.039,0.04,0.042,0.054,0.142,0.042,0.04,0.039,0.039,0.041,0.04,0.04,0.039,0.039,0.27,0.348,0.385,0.513,0.356,0.221,0.335,0.197,0.275,0.263,0.452,0.306
1440,0.038,0.039,0.039,0.039,0.039,0.04,0.043,0.042,0.038,0.041,0.04,0.039,0.097,0.117,0.28,0.038,0.041,0.042,0.04,0.04,0.039,0.128,0.04,0.038,0.5,0.564,0.7,0.04,0.039,0.69,0.488,0.661,0.534,0.864,0.04,0.042,0.765,0.79,0.78,0.358,0.322,0.829,0.84,0.845,0.771,0.848,0.141,0.14,0.04,0.041,0.04,0.039,0.038,0.038,0.038,0.04,0.041,0.039,0.04,0.044,0.044,0.046,0.041,0.041,0.04,0.041,0.041,0.041,0.04,0.041,0.039,0.04,0.055,0.064,0.053,0.04,0.053,0.041,0.038,0.041,0.04,0.041,0.039,0.039,0.184,0.31,0.31,0.432,0.261,0.131,0.221,0.149,0.169,0.16,0.331,0.191
1500,0.038,0.039,0.039,0.039,0.039,0.04,0.043,0.042,0.038,0.041,0.041,0.039,0.101,0.187,0.23,0.038,0.04,0.046,0.041,0.039,0.039,0.068,0.04,0.038,0.449,0.51,0.677,0.04,0.039,0.652,0.37,0.589,0.449,0.855,0.041,0.044,0.761,0.783,0.78,0.293,0.22,0.827,0.836,0.843,0.767,0.846,0.045,0.108,0.039,0.041,0.04,0.039,0.038,0.038,0.038,0.04,0.041,0.039,0.041,0.042,0.044,0.046,0.041,0.041,0.04,0.041,0.04,0.041,0.04,0.041,0.039,0.04,0.039,0.044,0.039,0.039,0.04,0.04,0.038,0.041,0.04,0.042,0.039,0.039,0.149,0.28,0.238,0.34,0.179,0.066,0.125,0.06,0.078,0.083,0.218,0.167
1560,0.038,0.038,0.04,0.039,0.039,0.038,0.043,0.042,0.038,0.039,0.041,0.038,0.039,0.162,0.155,0.038,0.04,0.041,0.04,0.039,0.039,0.043,0.04,0.038,0.39,0.472,0.652,0.04,0.039,0.601,0.253,0.5,0.353,0.844,0.04,0.041,0.757,0.776,0.778,0.228,0.13,0.825,0.83,0.84,0.763,0.845,0.045,0.047,0.068,0.041,0.04,0.039,0.038,0.038,0.048,0.04,0.041,0.039,0.041,0.042,0.044,0.045,0.041,0.041,0.04,0.04,0.04,0.042,0.04,0.041,0.039,0.04,0.038,0.039,0.044,0.04,0.039,0.039,0.038,0.041,0.04,0.044,0.039,0.039,0.124,0.244,0.174,0.25,0.077,0.043,0.065,0.041,0.05,0.049,0.127,0.191
1620,0.038,0.039,0.039,0.039,0.039,0.038,0.043,0.042,0.038,0.039,0.042,0.038,0.043,0.067,0.136,0.038,0.04,0.049,0.04,0.039,0.04,0.04,0.041,0.038,0.334,0.409,0.623,0.04,0.039,0.538,0.152,0.395,0.255,0.828,0.04,0.04,0.75,0.767,0.777,0.177,0.074,0.822,0.822,0.836,0.757,0.843,0.042,0.06,0.052,0.04,0.04,0.038,0.038,0.039,0.054,0.04,0.041,0.039,0.041,0.043,0.044,0.046,0.04,0.041,0.039,0.04,0.04,0.042,0.04,0.041,0.039,0.04,0.038,0.039,0.041,0.043,0.039,0.039,0.038,0.041,0.039,0.046,0.039,0.039,0.052,0.221,0.12,0.205,0.051,0.042,0.044,0.049,0.04,0.045,0.055,0.042
1680,0.038,0.038,0.038,0.039,0.039,0.038,0.043,0.042,0.038,0.039,0.044,0.038,0.038,0.055,0.145,0.038,0.04,0.043,0.04,0.039,0.04,0.044,0.042,0.038,0.272,0.367,0.594,0.047,0.039,0.461,0.115,0.288,0.163,0.805,0.04,0.04,0.744,0.757,0.775,0.132,0.106,0.819,0.812,0.832,0.749,0.841,0.04,0.043,0.04,0.04,0.039,0.038,0.037,0.039,0.058,0.039,0.041,0.039,0.04,0.046,0.043,0.044,0.04,0.041,0.039,0.04,0.04,0.042,0.04,0.042,0.039,0.04,0.038,0.039,0.041,0.044,0.039,0.041,0.038,0.041,0.039,0.048,0.039,0.039,0.052,0.169,0.092,0.13,0.043,0.041,0.039,0.039,0.044,0.041,0.04,0.042
1740,0.038,0.038,0.039,0.039,0.039,0.038,0.043,0.042,0.038,0.039,0.043,0.038,0.039,0.039,0.142,0.038,0.04,0.039,0.04,0.04,0.04,0.04,0.042,0.038,0.181,0.321,0.556,0.052,0.039,0.374,0.11,0.194,0.125,0.777,0.04,0.04,0.734,0.745,0.773,0.112,0.042,0.815,0.799,0.827,0.739,0.839,0.04,0.042,0.044,0.041,0.039,0.038,0.038,0.039,0.057,0.039,0.041,0.039,0.04,0.047,0.043,0.043,0.04,0.041,0.039,0.04,0.04,0.041,0.04,0.042,0.039,0.04,0.038,0.039,0.041,0.042,0.039,0.039,0.038,0.041,0.039,0.048,0.039,0.039,0.066,0.125,0.071,0.058,0.044,0.04,0.043,0.038,0.04,0.045,0.04,0.043
1800,0.038,0.038,0.039,0.039,0.039,0.038,0.043,0.042,0.038,0.039,0.044,0.038,0.04,0.055,0.107,0.038,0.04,0.039,0.04,0.043,0.04,0.042,0.043,0.038,0.13,0.276,0.519,0.055,0.039,0.289,0.082,0.13,0.059,0.738,0.04,0.04,0.725,0.731,0.77,0.107,0.07,0.811,0.781,0.82,0.727,0.837,0.04,0.042,0.041,0.041,0.039,0.038,0.038,0.039,0.052,0.039,0.041,0.039,0.04,0.046,0.043,0.042,0.041,0.041,0.04,0.04,0.04,0.041,0.04,0.042,0.039,0.04,0.038,0.039,0.042,0.042,0.039,0.039,0.038,0.041,0.039,0.048,0.039,0.04,0.192,0.114,0.066,0.056,0.048,0.039,0.04,0.038,0.04,0.04,0.068,0.061
1860,0.038,0.038,0.039,0.039,0.039,0.038,0.043,0.042,0.038,0.039,0.041,0.038,0.04,0.04,0.087,0.038,0.042,0.039,0.041,0.039,0.039,0.039,0.043,0.038,0.08,0.223,0.483,0.055,0.039,0.206,0.042,0.074,0.044,0.687,0.04,0.04,0.713,0.717,0.767,0.087,0.041,0.806,0.758,0.811,0.71,0.835,0.04,0.043,0.071,0.041,0.039,0.038,0.038,0.039,0.054,0.039,0.041,0.039,0.04,0.048,0.042,0.041,0.04,0.041,0.039,0.04,0.04,0.041,0.04,0.041,0.039,0.04,0.038,0.038,0.041,0.04,0.039,0.039,0.038,0.041,0.039,0.048,0.039,0.04,0.043,0.066,0.119,0.041,0.044,0.039,0.042,0.041,0.043,0.04,0.039,0.067
1920,0.038,0.038,0.039,0.039,0.039,0.038,0.042,0.042,0.038,0.039,0.041,0.038,0.04,0.04,0.048,0.038,0.041,0.039,0.042,0.039,0.039,0.04,0.043,0.038,0.072,0.183,0.439,0.052,0.039,0.137,0.054,0.044,0.044,0.622,0.04,0.04,0.698,0.7,0.764,0.06,0.04,0.8,0.728,0.799,0.687,0.832,0.04,0.042,0.07,0.041,0.04,0.038,0.038,0.038,0.053,0.039,0.041,0.039,0.04,0.048,0.042,0.041,0.041,0.041,0.039,0.04,0.04,0.041,0.039,0.041,0.039,0.041,0.038,0.038,0.043,0.039,0.039,0.038,0.038,0.041,0.039,0.047,0.038,0.04,0.04,0.068,0.078,0.04,0.05,0.04,0.04,0.038,0.045,0.052,0.039,0.063
1980,0.038,0.038,0.038,0.039,0.039,0.038,0.042,0.042,0.038,0.039,0.04,0.038,0.04,0.038,0.046,0.038,0.04,0.039,0.042,0.039,0.039,0.041,0.043,0.038,0.105,0.141,0.389,0.052,0.039,0.093,0.042,0.043,0.043,0.542,0.04,0.04,0.682,0.682,0.758,0.04,0.04,0.793,0.688,0.784,0.658,0.829,0.04,0.042,0.05,0.041,0.042,0.038,0.038,0.038,0.053,0.039,0.041,0.039,0.04,0.046,0.04,0.04,0.041,0.041,0.04,0.041,0.04,0.041,0.04,0.04,0.039,0.04,0.038,0.039,0.042,0.039,0.039,0.039,0.038,0.041,0.039,0.046,0.038,0.04,0.041,0.044,0.047,0.04,0.048,0.041,0.039,0.038,0.045,0.057,0.039,0.051
2040,0.038,0.038,0.039,0.039,0.04,0.038,0.042,0.042,0.038,0.039,0.04,0.038,0.039,0.038,0.055,0.038,0.04,0.039,0.042,0.038,0.038,0.042,0.043,0.037,0.041,0.095,0.353,0.052,0.039,0.078,0.04,0.045,0.042,0.448,0.04,0.04,0.665,0.664,0.753,0.059,0.04,0.786,0.637,0.765,0.62,0.826,0.04,0.042,0.048,0.041,0.041,0.038,0.038,0.038,0.052,0.039,0.041,0.039,0.04,0.047,0.04,0.04,0.041,0.041,0.039,0.04,0.04,0.041,0.04,0.04,0.039,0.04,0.038,0.038,0.04,0.038,0.039,0.039,0.038,0.041,0.039,0.045,0.038,0.04,0.041,0.045,0.049,0.04,0.042,0.042,0.039,0.038,0.046,0.044,0.039,0.04
2100,0.038,0.038,0.039,0.039,0.04,0.038,0.042,0.042,0.038,0.039,0.04,0.038,0.04,0.038,0.043,0.038,0.04,0.039,0.042,0.038,0.038,0.042,0.043,0.037,0.175,0.116,0.308,0.048,0.039,0.088,0.04,0.041,0.042,0.347,0.04,0.04,0.644,0.642,0.747,0.04,0.04,0.776,0.576,0.74,0.573,0.821,0.04,0.042,0.042,0.041,0.04,0.038,0.038,0.038,0.051,0.039,0.041,0.039,0.04,0.046,0.039,0.039,0.041,0.041,0.039,0.04,0.04,0.04,0.041,0.04,0.039,0.04,0.038,0.038,0.039,0.039,0.039,0.039,0.038,0.041,0.039,0.045,0.038,0.041,0.04,0.061,0.062,0.041,0.042,0.042,0.039,0.038,0.046,0.056,0.039,0.042
2160,0.038,0.038,0.039,0.039,0.039,0.039,0.043,0.042,0.038,0.039,0.04,0.038,0.039,0.038,0.043,0.038,0.04,0.039,0.042,0.038,0.038,0.042,0.043,0.037,0.137,0.141,0.264,0.042,0.039,0.076,0.04,0.041,0.042,0.246,0.04,0.04,0.621,0.617,0.739,0.039,0.04,0.764,0.502,0.708,0.516,0.817,0.04,0.042,0.076,0.041,0.039,0.038,0.038,0.038,0.052,0.039,0.041,0.039,0.04,0.047,0.038,0.039,0.04,0.041,0.039,0.041,0.04,0.041,0.041,0.041,0.039,0.039,0.038,0.038,0.038,0.039,0.039,0.039,0.038,0.041,0.039,0.044,0.038,0.04,0.041,0.045,0.046,0.041,0.042,0.042,0.039,0.038,0.046,0.045,0.039,0.04
2220,0.038,0.038,0.039,0.039,0.04,0.039,0.043,0.042,0.038,0.039,0.04,0.038,0.04,0.039,0.042,0.038,0.04,0.039,0.043,0.038,0.038,0.042,0.042,0.037,0.104,0.093,0.221,0.045,0.039,0.045,0.04,0.041,0.042,0.159,0.04,0.04,0.594,0.592,0.732,0.039,0.04,0.75,0.42,0.666,0.448,0.811,0.039,0.042,0.063,0.041,0.038,0.038,0.038,0.038,0.052,0.039,0.041,0.039,0.04,0.046,0.039,0.039,0.041,0.041,0.039,0.04,0.04,0.041,0.04,0.041,0.039,0.039,0.038,0.038,0.038,0.039,0.039,0.039,0.038,0.041,0.039,0.044,0.038,0.041,0.04,0.039,0.048,0.041,0.042,0.041,0.039,0.038,0.046,0.055,0.039,0.039
2280,0.038,0.038,0.039,0.038,0.039,0.039,0.043,0.042,0.038,0.039,0.04,0.038,0.04,0.039,0.042,0.037,0.04,0.039,0.043,0.039,0.038,0.042,0.042,0.037,0.195,0.088,0.178,0.042,0.039,0.04,0.04,0.041,0.042,0.102,0.04,0.04,0.568,0.563,0.723,0.039,0.04,0.731,0.333,0.615,0.371,0.803,0.039,0.042,0.054,0.04,0.038,0.038,0.037,0.038,0.052,0.039,0.041,0.039,0.042,0.045,0.039,0.039,0.04,0.041,0.039,0.04,0.04,0.041,0.04,0.041,0.039,0.039,0.038,0.038,0.038,0.038,0.039,0.038,0.038,0.041,0.039,0.044,0.038,0.04,0.04,0.039,0.046,0.041,0.042,0.041,0.04,0.038,0.046,0.05,0.039,0.049
2340,0.038,0.038,0.039,0.038,0.039,0.039,0.043,0.042,0.038,0.039,0.04,0.038,0.04,0.039,0.04,0.038,0.04,0.039,0.043,0.039,0.038,0.042,0.042,0.037,0.068,0.068,0.14,0.04,0.039,0.04,0.04,0.042,0.042,0.053,0.04,0.04,0.539,0.536,0.713,0.04,0.04,0.71,0.247,0.552,0.291,0.794,0.039,0.043,0.048,0.04,0.038,0.038,0.037,0.038,0.051,0.039,0.041,0.039,0.042,0.044,0.039,0.039,0.04,0.041,0.04,0.04,0.04,0.041,0.04,0.042,0.039,0.039,0.038,0.038,0.038,0.038,0.039,0.038,0.038,0.04,0.039,0.044,0.038,0.041,0.04,0.039,0.044,0.041,0.042,0.04,0.042,0.038,0.046,0.045,0.039,0.066
2400,0.038,0.038,0.04,0.038,0.039,0.039,0.043,0.042,0.038,0.039,0.04,0.038,0.039,0.039,0.039,0.037,0.04,0.039,0.043,0.038,0.038,0.042,0.042,0.037,0.118,0.082,0.098,0.043,0.039,0.04,0.04,0.045,0.042,0.043,0.04,0.04,0.504,0.506,0.702,0.039,0.04,0.684,0.174,0.48,0.214,0.783,0.039,0.044,0.044,0.041,0.038,0.038,0.037,0.038,0.051,0.039,0.04,0.039,0.042,0.045,0.039,0.04,0.04,0.041,0.04,0.04,0.04,0.041,0.04,0.041,0.039,0.039,0.038,0.038,0.038,0.038,0.039,0.038,0.039,0.04,0.039,0.044,0.038,0.04,0.04,0.039,0.043,0.041,0.042,0.04,0.046,0.038,0.046,0.045,0.039,0.041
2460,0.038,0.038,0.04,0.038,0.039,0.04,0.043,0.042,0.038,0.039,0.04,0.038,0.04,0.039,0.039,0.037,0.04,0.039,0.042,0.038,0.038,0.042,0.042,0.037,0.105,0.047,0.094,0.044,0.039,0.04,0.04,0.046,0.042,0.044,0.04,0.04,0.474,0.476,0.691,0.039,0.04,0.65,0.116,0.402,0.148,0.77,0.039,0.043,0.071,0.041,0.038,0.038,0.038,0.038,0.051,0.039,0.041,0.039,0.042,0.043,0.039,0.039,0.04,0.041,0.04,0.04,0.04,0.041,0.04,0.04,0.039,0.039,0.038,0.038,0.038,0.038,0.039,0.038,0.039,0.04,0.039,0.043,0.038,0.041,0.04,0.039,0.044,0.041,0.042,0.039,0.048,0.038,0.046,0.042,0.039,0.055
2520,0.038,0.038,0.04,0.038,0.039,0.039,0.042,0.042,0.038,0.039,0.04,0.038,0.04,0.039,0.038,0.037,0.04,0.039,0.04,0.038,0.038,0.042,0.041,0.037,0.039,0.039,0.097,0.039,0.039,0.04,0.04,0.048,0.042,0.044,0.04,0.04,0.444,0.445,0.677,0.039,0.04,0.612,0.047,0.32,0.085,0.753,0.039,0.043,0.076,0.041,0.038,0.038,0.038,0.038,0.051,0.039,0.041,0.039,0.041,0.042,0.039,0.039,0.04,0.041,0.04,0.04,0.04,0.041,0.041,0.04,0.039,0.039,0.038,0.038,0.039,0.038,0.039,0.038,0.039,0.04,0.039,0.042,0.038,0.04,0.04,0.039,0.043,0.041,0.042,0.041,0.05,0.038,0.046,0.05,0.039,0.039
2580,0.038,0.038,0.04,0.038,0.039,0.039,0.043,0.042,0.038,0.039,0.04,0.038,0.039,0.039,0.038,0.037,0.04,0.038,0.039,0.038,0.038,0.042,0.041,0.037,0.041,0.039,0.158,0.039,0.039,0.039,0.04,0.048,0.042,0.041,0.04,0.04,0.415,0.413,0.664,0.038,0.04,0.568,0.042,0.235,0.043,0.732,0.039,0.043,0.051,0.041,0.038,0.038,0.037,0.038,0.049,0.039,0.041,0.039,0.041,0.042,0.039,0.039,0.04,0.041,0.04,0.04,0.04,0.041,0.041,0.041,0.039,0.039,0.038,0.038,0.04,0.038,0.039,0.038,0.039,0.04,0.039,0.041,0.038,0.041,0.04,0.039,0.043,0.041,0.042,0.04,0.052,0.038,0.046,0.048,0.039,0.05
2640,0.038,0.038,0.04,0.038,0.039,0.039,0.043,0.042,0.038,0.039,0.04,0.038,0.039,0.039,0.038,0.038,0.04,0.038,0.039,0.038,0.038,0.042,0.041,0.037,0.041,0.039,0.078,0.04,0.039,0.039,0.04,0.049,0.042,0.045,0.04,0.04,0.388,0.375,0.648,0.038,0.04,0.515,0.047,0.162,0.054,0.707,0.039,0.043,0.043,0.041,0.038,0.038,0.037,0.038,0.046,0.039,0.04,0.039,0.042,0.041,0.039,0.04,0.04,0.041,0.04,0.04,0.04,0.042,0.041,0.041,0.039,0.039,0.038,0.038,0.041,0.038,0.039,0.038,0.039,0.04,0.039,0.041,0.038,0.04,0.04,0.039,0.043,0.041,0.042,0.04,0.05,0.038,0.046,0.045,0.039,0.045
2700,0.038,0.038,0.04,0.038,0.039,0.038,0.042,0.042,0.038,0.039,0.04,0.038,0.039,0.039,0.038,0.038,0.04,0.038,0.043,0.038,0.038,0.042,0.041,0.037,0.04,0.039,0.042,0.039,0.039,0.039,0.04,0.049,0.042,0.042,0.04,0.04,0.362,0.329,0.634,0.038,0.04,0.456,0.042,0.105,0.047,0.675,0.039,0.042,0.041,0.041,0.038,0.038,0.038,0.038,0.046,0.039,0.04,0.039,0.041,0.041,0.04,0.04,0.04,0.041,0.04,0.04,0.04,0.042,0.041,0.042,0.039,0.039,0.038,0.038,0.041,0.038,0.039,0.038,0.039,0.041,0.039,0.041,0.039,0.042,0.04,0.039,0.044,0.041,0.042,0.043,0.05,0.038,0.046,0.044,0.039,0.05
2760,0.038,0.038,0.04,0.038,0.039,0.039,0.042,0.042,0.038,0.039,0.04,0.038,0.039,0.039,0.038,0.038,0.04,0.038,0.044,0.038,0.038,0.042,0.04,0.037,0.041,0.039,0.04,0.039,0.039,0.04,0.039,0.05,0.042,0.041,0.04,0.04,0.332,0.284,0.615,0.038,0.04,0.395,0.041,0.064,0.041,0.637,0.039,0.042,0.04,0.041,0.038,0.038,0.038,0.038,0.049,0.039,0.041,0.039,0.041,0.04,0.04,0.039,0.04,0.041,0.04,0.04,0.04,0.042,0.041,0.041,0.039,0.039,0.038,0.038,0.038,0.038,0.039,0.038,0.039,0.041,0.039,0.041,0.039,0.042,0.04,0.039,0.042,0.041,0.042,0.042,0.047,0.038,0.046,0.055,0.039,0.04
2820,0.038,0.038,0.04,0.038,0.039,0.039,0.043,0.042,0.038,0.039,0.04,0.038,0.039,0.039,0.038,0.038,0.04,0.038,0.044,0.038,0.038,0.042,0.04,0.037,0.04,0.039,0.04,0.04,0.039,0.04,0.039,0.048,0.042,0.041,0.04,0.04,0.311,0.241,0.598,0.038,0.04,0.347,0.052,0.048,0.039,0.59,0.039,0.042,0.04,0.041,0.038,0.038,0.038,0.038,0.05,0.039,0.041,0.039,0.041,0.041,0.04,0.039,0.04,0.041,0.04,0.04,0.04,0.043,0.041,0.04,0.039,0.039,0.038,0.038,0.038,0.038,0.039,0.038,0.038,0.041,0.039,0.04,0.039,0.041,0.04,0.039,0.047,0.041,0.042,0.041,0.049,0.038,0.046,0.042,0.038,0.065
2880,0.038,0.038,0.039,0.038,0.039,0.039,0.043,0.042,0.038,0.039,0.04,0.038,0.039,0.039,0.038,0.038,0.04,0.038,0.044,0.038,0.038,0.042,0.04,0.037,0.038,0.039,0.044,0.039,0.039,0.04,0.039,0.048,0.042,0.041,0.039,0.04,0.312,0.204,0.575,0.038,0.04,0.289,0.041,0.046,0.039,0.538,0.039,0.042,0.04,0.041,0.038,0.038,0.038,0.038,0.051,0.039,0.04,0.039,0.04,0.041,0.039,0.039,0.04,0.041,0.039,0.04,0.04,0.042,0.041,0.04,0.039,0.039,0.038,0.038,0.038,0.038,0.039,0.038,0.038,0.041,0.039,0.04,0.039,0.041,0.04,0.039,0.044,0.041,0.042,0.041,0.045,0.038,0.046,0.046,0.038,0.044
2940,0.038,0.038,0.039,0.038,0.039,0.04,0.043,0.042,0.038,0.039,0.04,0.038,0.039,0.039,0.038,0.037,0.04,0.039,0.044,0.038,0.038,0.042,0.04,0.037,0.038,0.039,0.05,0.039,0.039,0.039,0.039,0.048,0.042,0.041,0.039,0.04,0.183,0.172,0.556,0.038,0.04,0.228,0.041,0.04,0.04,0.477,0.04,0.042,0.04,0.041,0.038,0.038,0.038,0.038,0.051,0.039,0.041,0.039,0.04,0.04,0.039,0.039,0.04,0.041,0.04,0.04,0.04,0.043,0.041,0.04,0.039,0.039,0.038,0.038,0.038,0.038,0.04,0.038,0.038,0.041,0.039,0.04,0.039,0.04,0.04,0.039,0.044,0.041,0.042,0.04,0.045,0.038,0.046,0.048,0.038,0.044
3000,0.038,0.038,0.039,0.038,0.039,0.04,0.043,0.042,0.038,0.039,0.04,0.038,0.039,0.039,0.038,0.038,0.04,0.04,0.044,0.038,0.039,0.043,0.04,0.037,0.038,0.039,0.048,0.039,0.039,0.039,0.039,0.043,0.042,0.041,0.039,0.04,0.164,0.145,0.533,0.038,0.04,0.164,0.041,0.04,0.046,0.409,0.039,0.042,0.04,0.04,0.038,0.038,0.038,0.038,0.05,0.039,0.04,0.039,0.04,0.04,0.039,0.039,0.04,0.041,0.039,0.04,0.04,0.042,0.042,0.04,0.039,0.039,0.038,0.038,0.038,0.038,0.041,0.038,0.038,0.041,0.039,0.04,0.039,0.042,0.04,0.039,0.044,0.041,0.042,0.042,0.045,0.038,0.046,0.049,0.038,0.04
3060,0.038,0.038,0.039,0.038,0.039,0.041,0.043,0.042,0.038,0.039,0.04,0.038,0.039,0.039,0.038,0.037,0.04,0.041,0.044,0.038,0.039,0.043,0.04,0.037,0.038,0.039,0.04,0.039,0.039,0.039,0.039,0.043,0.042,0.041,0.039,0.04,0.128,0.123,0.504,0.038,0.04,0.118,0.041,0.048,0.045,0.336,0.039,0.042,0.041,0.04,0.039,0.038,0.038,0.038,0.047,0.039,0.04,0.039,0.04,0.042,0.039,0.039,0.04,0.041,0.039,0.04,0.04,0.042,0.042,0.039,0.039,0.039,0.038,0.038,0.038,0.038,0.042,0.038,0.038,0.041,0.039,0.04,0.039,0.039,0.04,0.039,0.047,0.04,0.042,0.043,0.044,0.038,0.045,0.056,0.038,0.04
3120,0.038,0.038,0.039,0.038,0.039,0.041,0.043,0.042,0.038,0.039,0.04,0.038,0.039,0.039,0.038,0.037,0.04,0.041,0.043,0.038,0.039,0.043,0.04,0.037,0.038,0.039,0.041,0.039,0.039,0.039,0.039,0.042,0.042,0.04,0.04,0.04,0.092,0.078,0.475,0.038,0.04,0.088,0.041,0.04,0.046,0.265,0.039,0.042,0.041,0.04,0.039,0.038,0.038,0.038,0.05,0.039,0.04,0.039,0.04,0.043,0.039,0.039,0.04,0.041,0.039,0.04,0.041,0.043,0.041,0.04,0.039,0.039,0.038,0.038,0.038,0.038,0.044,0.038,0.038,0.041,0.039,0.04,0.039,0.041,0.04,0.039,0.045,0.041,0.042,0.043,0.045,0.038,0.045,0.042,0.038,0.04
3180,0.038,0.038,0.039,0.038,0.039,0.041,0.043,0.042,0.038,0.039,0.04,0.038,0.039,0.04,0.038,0.037,0.04,0.041,0.043,0.038,0.042,0.043,0.04,0.037,0.038,0.039,0.043,0.039,0.039,0.039,0.039,0.042,0.042,0.04,0.04,0.039,0.061,0.055,0.446,0.038,0.04,0.135,0.041,0.04,0.045,0.193,0.039,0.042,0.04,0.04,0.039,0.038,0.038,0.038,0.05,0.039,0.04,0.039,0.04,0.043,0.039,0.039,0.04,0.041,0.039,0.04,0.041,0.043,0.04,0.04,0.039,0.039,0.038,0.038,0.039,0.038,0.046,0.039,0.038,0.041,0.039,0.04,0.038,0.04,0.04,0.039,0.05,0.041,0.042,0.043,0.046,0.038,0.045,0.049,0.038,0.041
3240,0.038,0.038,0.039,0.038,0.039,0.041,0.042,0.042,0.038,0.039,0.04,0.038,0.039,0.04,0.038,0.038,0.04,0.041,0.043,0.038,0.041,0.043,0.04,0.037,0.038,0.039,0.041,0.039,0.039,0.039,0.039,0.041,0.042,0.04,0.04,0.039,0.12,0.065,0.412,0.038,0.04,0.156,0.041,0.039,0.038,0.122,0.039,0.042,0.04,0.04,0.039,0.038,0.038,0.038,0.052,0.039,0.04,0.039,0.04,0.044,0.039,0.039,0.04,0.041,0.039,0.04,0.041,0.043,0.04,0.04,0.039,0.039,0.038,0.038,0.042,0.038,0.047,0.039,0.038,0.041,0.039,0.04,0.038,0.041,0.04,0.039,0.051,0.041,0.042,0.042,0.048,0.038,0.045,0.043,0.038,0.041
3300,0.038,0.038,0.039,0.038,0.039,0.041,0.042,0.042,0.038,0.039,0.04,0.038,0.04,0.039,0.038,0.037,0.04,0.042,0.043,0.038,0.039,0.043,0.04,0.037,0.038,0.039,0.04,0.041,0.039,0.039,0.039,0.041,0.042,0.04,0.04,0.04,0.053,0.052,0.37,0.038,0.04,0.119,0.041,0.04,0.038,0.07,0.039,0.042,0.049,0.04,0.039,0.038,0.038,0.038,0.051,0.039,0.04,0.039,0.04,0.043,0.04,0.039,0.04,0.041,0.039,0.04,0.041,0.043,0.04,0.04,0.039,0.039,0.038,0.038,0.038,0.038,0.048,0.039,0.038,0.041,0.039,0.039,0.038,0.04,0.04,0.039,0.047,0.041,0.042,0.041,0.049,0.038,0.045,0.046,0.038,0.04
3360,0.038,0.038,0.039,0.038,0.039,0.042,0.042,0.042,0.038,0.039,0.04,0.038,0.039,0.039,0.038,0.037,0.04,0.042,0.043,0.038,0.039,0.043,0.04,0.037,0.038,0.039,0.041,0.04,0.039,0.039,0.039,0.041,0.042,0.04,0.04,0.039,0.04,0.252,0.327,0.038,0.04,0.046,0.041,0.039,0.038,0.049,0.039,0.041,0.047,0.04,0.039,0.038,0.038,0.038,0.051,0.039,0.04,0.039,0.04,0.042,0.04,0.039,0.04,0.041,0.039,0.04,0.041,0.043,0.039,0.039,0.039,0.039,0.038,0.038,0.038,0.038,0.048,0.039,0.038,0.041,0.039,0.04,0.038,0.039,0.04,0.039,0.048,0.041,0.042,0.04,0.046,0.038,0.045,0.051,0.038,0.039
3420,0.038,0.038,0.039,0.038,0.039,0.042,0.042,0.042,0.038,0.039,0.04,0.038,0.039,0.04,0.038,0.038,0.04,0.042,0.043,0.038,0.039,0.043,0.04,0.037,0.038,0.039,0.042,0.04,0.039,0.039,0.039,0.041,0.042,0.04,0.041,0.039,0.042,0.115,0.282,0.038,0.04,0.092,0.041,0.039,0.038,0.041,0.039,0.041,0.064,0.04,0.039,0.038,0.038,0.038,0.051,0.039,0.04,0.039,0.04,0.042,0.04,0.039,0.04,0.041,0.039,0.04,0.041,0.043,0.039,0.039,0.039,0.039,0.038,0.038,0.039,0.038,0.049,0.039,0.038,0.041,0.039,0.041,0.039,0.039,0.04,0.039,0.046,0.041,0.042,0.04,0.045,0.038,0.044,0.056,0.038,0.039
3480,0.038,0.038,0.038,0.038,0.039,0.043,0.042,0.042,0.038,0.039,0.04,0.038,0.039,0.04,0.038,0.037,0.04,0.043,0.043,0.038,0.039,0.042,0.04,0.037,0.038,0.039,0.042,0.039,0.039,0.039,0.039,0.041,0.042,0.04,0.041,0.039,0.06,0.046,0.232,0.038,0.04,0.04,0.041,0.039,0.038,0.043,0.039,0.041,0.046,0.04,0.039,0.038,0.038,0.038,0.051,0.039,0.04,0.039,0.04,0.042,0.04,0.039,0.04,0.041,0.039,0.04,0.042,0.043,0.039,0.039,0.039,0.039,0.038,0.038,0.038,0.038,0.049,0.039,0.038,0.041,0.039,0.042,0.039,0.039,0.041,0.039,0.046,0.041,0.042,0.04,0.045,0.038,0.045,0.044,0.038,0.062
3540,0.038,0.038,0.038,0.038,0.039,0.043,0.042,0.042,0.038,0.039,0.039,0.038,0.039,0.04,0.038,0.037,0.04,0.042,0.043,0.038,0.039,0.042,0.04,0.037,0.038,0.039,0.041,0.039,0.039,0.039,0.039,0.041,0.042,0.04,0.041,0.039,0.039,0.039,0.159,0.038,0.04,0.039,0.041,0.039,0.038,0.04,0.039,0.041,0.043,0.04,0.039,0.038,0.037,0.038,0.049,0.039,0.04,0.039,0.04,0.044,0.04,0.039,0.04,0.041,0.039,0.04,0.042,0.043,0.039,0.039,0.039,0.039,0.038,0.038,0.038,0.038,0.049,0.039,0.038,0.041,0.039,0.039,0.039,0.039,0.04,0.039,0.046,0.041,0.042,0.041,0.046,0.038,0.045,0.042,0.038,0.05
3600,0.038,0.038,0.038,0.038,0.039,0.043,0.042,0.042,0.038,0.039,0.039,0.038,0.039,0.04,0.038,0.037,0.04,0.042,0.043,0.038,0.039,0.042,0.04,0.037,0.038,0.039,0.042,0.039,0.039,0.039,0.039,0.041,0.042,0.04,0.041,0.039,0.039,0.039,0.098,0.038,0.04,0.039,0.041,0.039,0.038,0.039,0.039,0.041,0.039,0.04,0.039,0.038,0.038,0.038,0.05,0.039,0.04,0.039,0.04,0.042,0.04,0.039,0.04,0.041,0.039,0.04,0.042,0.044,0.039,0.039,0.039,0.039,0.038,0.038,0.038,0.038,0.05,0.039,0.038,0.04,0.039,0.04,0.039,0.039,0.04,0.039,0.046,0.041,0.042,0.041,0.045,0.038,0.045,0.04,0.038,0.04
3660,0.038,0.038,0.038,0.038,0.039,0.044,0.042,0.042,0.038,0.039,0.039,0.038,0.039,0.04,0.038,0.037,0.04,0.042,0.043,0.038,0.039,0.042,0.04,0.037,0.038,0.039,0.043,0.039,0.039,0.039,0.039,0.04,0.042,0.04,0.041,0.039,0.039,0.039,0.086,0.038,0.04,0.039,0.041,0.039,0.038,0.042,0.039,0.041,0.044,0.04,0.039,0.038,0.038,0.038,0.051,0.039,0.04,0.039,0.04,0.04,0.04,0.039,0.04,0.041,0.039,0.04,0.042,0.044,0.04,0.039,0.039,0.039,0.038,0.038,0.042,0.038,0.048,0.039,0.038,0.04,0.039,0.04,0.039,0.039,0.04,0.039,0.046,0.04,0.042,0.041,0.045,0.038,0.045,0.04,0.038,0.04
3720,0.038,0.038,0.038,0.038,0.039,0.044,0.042,0.042,0.038,0.039,0.039,0.038,0.039,0.04,0.038,0.037,0.04,0.042,0.043,0.038,0.039,0.042,0.04,0.037,0.038,0.039,0.043,0.044,0.039,0.039,0.039,0.04,0.042,0.04,0.041,0.039,0.039,0.039,0.1,0.038,0.04,0.039,0.041,0.039,0.038,0.04,0.039,0.041,0.038,0.04,0.039,0.038,0.038,0.038,0.051,0.039,0.04,0.039,0.04,0.04,0.04,0.039,0.04,0.041,0.039,0.04,0.042,0.044,0.04,0.039,0.039,0.04,0.038,0.038,0.043,0.038,0.051,0.039,0.038,0.041,0.039,0.04,0.039,0.039,0.04,0.038,0.046,0.041,0.042,0.04,0.045,0.038,0.045,0.04,0.038,0.04
3780,0.038,0.038,0.038,0.038,0.039,0.044,0.042,0.042,0.038,0.038,0.039,0.038,0.039,0.04,0.038,0.037,0.04,0.043,0.043,0.038,0.039,0.042,0.04,0.037,0.038,0.039,0.043,0.047,0.039,0.039,0.039,0.04,0.042,0.04,0.042,0.039,0.039,0.039,0.122,0.038,0.04,0.039,0.041,0.039,0.038,0.04,0.039,0.041,0.039,0.04,0.04,0.038,0.037,0.038,0.05,0.039,0.04,0.039,0.04,0.039,0.041,0.039,0.04,0.041,0.039,0.04,0.042,0.045,0.04,0.039,0.039,0.04,0.038,0.038,0.043,0.038,0.041,0.041,0.038,0.04,0.039,0.041,0.038,0.039,0.04,0.038,0.045,0.041,0.042,0.04,0.045,0.038,0.044,0.04,0.038,0.039
3840,0.038,0.038,0.038,0.038,0.039,0.045,0.042,0.042,0.038,0.038,0.039,0.038,0.039,0.04,0.038,0.037,0.04,0.042,0.043,0.038,0.039,0.042,0.04,0.037,0.038,0.039,0.043,0.048,0.039,0.039,0.039,0.04,0.042,0.04,0.042,0.039,0.039,0.039,0.107,0.038,0.04,0.039,0.041,0.039,0.038,0.039,0.039,0.041,0.039,0.04,0.039,0.038,0.037,0.038,0.047,0.039,0.04,0.039,0.04,0.039,0.041,0.039,0.04,0.041,0.039,0.04,0.042,0.044,0.04,0.04,0.039,0.04,0.038,0.038,0.042,0.038,0.048,0.039,0.038,0.04,0.039,0.042,0.038,0.039,0.04,0.038,0.045,0.041,0.042,0.04,0.042,0.038,0.044,0.04,0.038,0.04
3900,0.038,0.038,0.038,0.038,0.039,0.045,0.042,0.041,0.038,0.038,0.039,0.038,0.039,0.04,0.038,0.037,0.04,0.042,0.043,0.038,0.048,0.042,0.04,0.037,0.038,0.039,0.043,0.05,0.039,0.039,0.039,0.04,0.042,0.04,0.042,0.04,0.039,0.038,0.088,0.038,0.04,0.039,0.04,0.039,0.041,0.039,0.039,0.041,0.04,0.04,0.039,0.038,0.038,0.038,0.05,0.039,0.04,0.039,0.04,0.039,0.041,0.039,0.04,0.041,0.039,0.04,0.042,0.044,0.04,0.039,0.039,0.04,0.038,0.038,0.041,0.038,0.047,0.039,0.038,0.041,0.039,0.04,0.038,0.039,0.04,0.038,0.047,0.04,0.042,0.041,0.039,0.038,0.044,0.04,0.038,0.04
3960,0.038,0.038,0.037,0.038,0.039,0.046,0.042,0.041,0.038,0.038,0.039,0.038,0.038,0.04,0.038,0.037,0.04,0.042,0.043,0.038,0.04,0.042,0.04,0.037,0.038,0.039,0.042,0.053,0.039,0.039,0.039,0.04,0.042,0.04,0.042,0.039,0.039,0.038,0.064,0.038,0.04,0.039,0.04,0.039,0.042,0.039,0.039,0.041,0.043,0.04,0.039,0.038,0.038,0.038,0.046,0.039,0.04,0.039,0.04,0.039,0.041,0.039,0.04,0.041,0.039,0.04,0.042,0.043,0.04,0.039,0.039,0.04,0.038,0.038,0.041,0.038,0.041,0.039,0.038,0.04,0.04,0.04,0.038,0.039,0.04,0.038,0.046,0.04,0.042,0.04,0.039,0.038,0.044,0.04,0.038,0.04
4020,0.038,0.038,0.038,0.038,0.039,0.048,0.042,0.041,0.038,0.039,0.039,0.038,0.038,0.041,0.038,0.037,0.04,0.042,0.043,0.038,0.04,0.042,0.04,0.037,0.038,0.039,0.042,0.048,0.039,0.039,0.039,0.04,0.042,0.04,0.042,0.04,0.039,0.038,0.067,0.038,0.04,0.039,0.04,0.039,0.043,0.039,0.039,0.041,0.052,0.04,0.04,0.038,0.038,0.038,0.042,0.039,0.04,0.039,0.04,0.039,0.041,0.039,0.04,0.041,0.039,0.04,0.042,0.044,0.04,0.039,0.039,0.04,0.038,0.038,0.042,0.038,0.042,0.039,0.038,0.041,0.04,0.04,0.038,0.04,0.041,0.038,0.045,0.04,0.042,0.041,0.039,0.038,0.045,0.041,0.038,0.04
4080,0.037,0.038,0.038,0.038,0.039,0.048,0.042,0.041,0.038,0.039,0.039,0.038,0.038,0.041,0.038,0.037,0.04,0.043,0.043,0.038,0.04,0.042,0.04,0.037,0.038,0.039,0.042,0.043,0.039,0.04,0.039,0.04,0.042,0.04,0.043,0.039,0.039,0.038,0.096,0.038,0.04,0.039,0.04,0.039,0.042,0.04,0.039,0.041,0.073,0.04,0.04,0.038,0.038,0.038,0.041,0.039,0.04,0.039,0.04,0.039,0.042,0.039,0.04,0.041,0.039,0.04,0.042,0.045,0.04,0.039,0.039,0.04,0.038,0.038,0.041,0.038,0.044,0.039,0.038,0.04,0.04,0.04,0.038,0.04,0.041,0.039,0.046,0.04,0.042,0.041,0.039,0.038,0.044,0.041,0.038,0.04
4140,0.037,0.038,0.038,0.038,0.039,0.047,0.042,0.041,0.038,0.039,0.039,0.038,0.038,0.041,0.038,0.037,0.04,0.042,0.044,0.038,0.042,0.042,0.04,0.037,0.038,0.039,0.042,0.042,0.039,0.04,0.039,0.04,0.042,0.04,0.043,0.039,0.039,0.038,0.051,0.038,0.04,0.04,0.04,0.039,0.042,0.04,0.039,0.041,0.066,0.04,0.04,0.038,0.038,0.038,0.048,0.039,0.04,0.039,0.04,0.039,0.042,0.039,0.04,0.041,0.039,0.04,0.042,0.045,0.04,0.039,0.039,0.04,0.038,0.038,0.041,0.038,0.044,0.039,0.038,0.041,0.039,0.04,0.038,0.04,0.041,0.038,0.044,0.041,0.042,0.041,0.039,0.038,0.044,0.041,0.038,0.04
4200,0.038,0.038,0.038,0.038,0.039,0.047,0.042,0.041,0.038,0.039,0.039,0.038,0.038,0.041,0.038,0.037,0.04,0.043,0.045,0.038,0.043,0.042,0.04,0.037,0.038,0.039,0.042,0.045,0.039,0.04,0.039,0.04,0.042,0.04,0.043,0.039,0.039,0.038,0.059,0.038,0.04,0.04,0.04,0.039,0.042,0.039,0.039,0.041,0.067,0.04,0.04,0.038,0.038,0.038,0.042,0.039,0.04,0.039,0.04,0.039,0.042,0.039,0.04,0.041,0.039,0.04,0.042,0.045,0.04,0.039,0.039,0.04,0.038,0.038,0.041,0.038,0.046,0.039,0.038,0.041,0.039,0.04,0.038,0.04,0.041,0.038,0.045,0.041,0.042,0.041,0.039,0.038,0.044,0.054,0.039,0.04
4260,0.037,0.038,0.038,0.038,0.039,0.047,0.042,0.041,0.038,0.039,0.04,0.038,0.038,0.041,0.038,0.037,0.04,0.043,0.046,0.038,0.041,0.042,0.04,0.037,0.038,0.039,0.042,0.045,0.039,0.04,0.039,0.04,0.042,0.04,0.043,0.039,0.039,0.038,0.047,0.038,0.04,0.04,0.04,0.039,0.042,0.039,0.039,0.041,0.066,0.04,0.04,0.038,0.038,0.038,0.042,0.039,0.04,0.039,0.04,0.039,0.043,0.039,0.04,0.041,0.039,0.04,0.042,0.045,0.04,0.04,0.04,0.04,0.038,0.038,0.041,0.038,0.048,0.039,0.038,0.041,0.039,0.04,0.038,0.04,0.041,0.039,0.045,0.04,0.042,0.041,0.039,0.038,0.044,0.05,0.039,0.043
4320,0.037,0.038,0.038,0.038,0.039,0.047,0.042,0.041,0.038,0.039,0.04,0.038,0.037,0.042,0.038,0.037,0.04,0.043,0.046,0.038,0.039,0.041,0.04,0.037,0.038,0.039,0.042,0.044,0.039,0.04,0.039,0.04,0.042,0.04,0.043,0.039,0.039,0.038,0.048,0.038,0.04,0.041,0.041,0.039,0.042,0.039,0.039,0.041,0.068,0.04,0.04,0.038,0.038,0.038,0.041,0.039,0.04,0.039,0.04,0.039,0.043,0.039,0.04,0.041,0.039,0.04,0.042,0.046,0.04,0.041,0.04,0.04,0.038,0.038,0.041,0.038,0.049,0.039,0.038,0.041,0.039,0.04,0.038,0.04,0.041,0.039,0.046,0.041,0.042,0.041,0.039,0.038,0.044,0.046,0.039,0.046
4380,0.037,0.038,0.038,0.038,0.039,0.047,0.042,0.041,0.038,0.039,0.04,0.038,0.038,0.042,0.038,0.037,0.04,0.043,0.045,0.038,0.039,0.041,0.04,0.037,0.038,0.039,0.04,0.044,0.039,0.04,0.039,0.04,0.042,0.04,0.044,0.039,0.038,0.038,0.039,0.038,0.04,0.04,0.041,0.039,0.042,0.038,0.039,0.041,0.071,0.04,0.04,0.038,0.038,0.038,0.049,0.039,0.04,0.039,0.04,0.039,0.044,0.039,0.04,0.041,0.039,0.04,0.042,0.046,0.04,0.04,0.04,0.04,0.038,0.038,0.041,0.038,0.049,0.039,0.038,0.041,0.039,0.039,0.038,0.04,0.041,0.039,0.048,0.04,0.042,0.041,0.039,0.038,0.044,0.044,0.039,0.046
